ID,Title,Content,Excerpt,Date,"Post Type",Permalink,"Image URL","Image Title","Image Caption","Image Description","Image Alt Text","Image Featured","Attachment URL",Ligas,Temporadas,Recintos,Status,"Author ID","Author Username","Author Email","Author First Name","Author Last Name",Slug,Format,Template,Parent,"Parent Slug",Order,"Comment Status","Ping Status","Post Modified Date"
1219,"Amaro Castro &#8211; Arance Ibieta vs Sica - Pizarro",,,2026-03-26,sp_event,https://epleague.cl/event/1219/,,,,,,,,"Liga EPL>Liga 5ta",2026>Apertura,,publish,1,admin,pabloromeroduarte@gmail.com,Pablo,Romero,1219,,,0,0,0,closed,closed,2026-03-30
1220,"Vogel &#8211; Silva vs Martiz - Kattan",,,2026-03-26,sp_event,https://epleague.cl/event/1220/,,,,,,,,"Liga EPL>Liga 5ta",2026>Apertura,,publish,1,admin,pabloromeroduarte@gmail.com,Pablo,Romero,1220,,,0,0,0,closed,closed,2026-03-26
1221,"Álvares Jara &#8211; Álvarez Velez vs Botero Piedrahita - Verástegui",,,2026-03-27,sp_event,https://epleague.cl/event/1221/,,,,,,,,"Liga EPL>Liga 5ta",2026>Apertura,"Conecta Santa Blanca>Cancha 5",publish,1,admin,pabloromeroduarte@gmail.com,Pablo,Romero,1221,,,0,0,0,closed,closed,2026-03-27
1222,"Eyzaguirre &#8211; Casasempere vs Freyre - Brosky",,,2026-03-27,sp_event,https://epleague.cl/event/1222/,,,,,,,,"Liga EPL>Liga 5ta",2026>Apertura,"Conecta Santa Blanca>Cancha 6",publish,1,admin,pabloromeroduarte@gmail.com,Pablo,Romero,1222,,,0,0,0,closed,closed,2026-03-27
1223,"Giusti &#8211; Rivera vs Hurtado Sotomayor - Martínez Cuadro",,,2026-03-27,sp_event,https://epleague.cl/event/1223/,,,,,,,,"Liga EPL>Liga 5ta",2026>Apertura,"Conecta Santa Blanca>Cancha 7",publish,1,admin,pabloromeroduarte@gmail.com,Pablo,Romero,1223,,,0,0,0,closed,closed,2026-03-27
1224,"Montaner Reyes &#8211; Montaner Covarrubias vs Ponce - Unda",,,2026-03-27,sp_event,https://epleague.cl/event/1224/,,,,,,,,"Liga EPL>Liga 5ta",2026>Apertura,"Conecta Santa Blanca>Cancha 8",publish,1,admin,pabloromeroduarte@gmail.com,Pablo,Romero,1224,,,0,0,0,closed,closed,2026-03-27
1225,"Romero Duarte &#8211; Valenzuela vs Sfeir - Amigo",,,2026-03-27,sp_event,https://epleague.cl/event/1225/,,,,,,,,"Liga EPL>Liga 5ta",2026>Apertura,"Conecta Santa Blanca>Cancha 9",publish,1,admin,pabloromeroduarte@gmail.com,Pablo,Romero,1225,,,0,0,0,closed,closed,2026-03-27
1226,"Valenzuela Niedbalski &#8211; Garcia vs Vargas - Diaz",,,2026-03-27,sp_event,https://epleague.cl/event/1226/,,,,,,,,"Liga EPL>Liga 5ta",2026>Apertura,"Conecta Santa Blanca>Cancha 11",publish,1,admin,pabloromeroduarte@gmail.com,Pablo,Romero,1226,,,0,0,0,closed,closed,2026-03-27
1227,"Vera &#8211; Viel vs Vidal - Benítez",,,2026-03-27,sp_event,https://epleague.cl/event/1227/,,,,,,,,"Liga EPL>Liga 5ta",2026>Apertura,"Conecta Santa Blanca>Cancha 13",publish,1,admin,pabloromeroduarte@gmail.com,Pablo,Romero,1227,,,0,0,0,closed,closed,2026-03-27
1229,"Romero &#8211; Merino vs Amaro Castro - Arance Ibieta",,,2026-04-02,sp_event,https://epleague.cl/event/1229/,,,,,,,,"Liga EPL>Liga 5ta",2026>Apertura,"Conecta Santa Blanca>Cancha 5",future,1,admin,pabloromeroduarte@gmail.com,Pablo,Romero,1229,,,0,0,0,closed,closed,2026-03-26
1230,"Ponce &#8211; Unda vs Vogel - Silva",,,2026-04-02,sp_event,https://epleague.cl/event/1230/,,,,,,,,"Liga EPL>Liga 5ta",2026>Apertura,"Conecta Santa Blanca>Cancha 6",future,1,admin,pabloromeroduarte@gmail.com,Pablo,Romero,1230,,,0,0,0,closed,closed,2026-03-26
1231,"Sica &#8211; Pizarro vs Álvares Jara - Álvarez Velez",,,2026-04-02,sp_event,https://epleague.cl/event/1231/,,,,,,,,"Liga EPL>Liga 5ta",2026>Apertura,"Conecta Santa Blanca>Cancha 7",future,1,admin,pabloromeroduarte@gmail.com,Pablo,Romero,1231,,,0,0,0,closed,closed,2026-03-26
1232,"Martiz &#8211; Kattan vs Eyzaguirre - Casasempere",,,2026-04-02,sp_event,https://epleague.cl/event/1232/,,,,,,,,"Liga EPL>Liga 5ta",2026>Apertura,"Conecta Santa Blanca>Cancha 8",future,1,admin,pabloromeroduarte@gmail.com,Pablo,Romero,1232,,,0,0,0,closed,closed,2026-03-26
1233,"Botero Piedrahita &#8211; Verástegui vs Giusti - Rivera",,,2026-04-02,sp_event,https://epleague.cl/event/1233/,,,,,,,,"Liga EPL>Liga 5ta",2026>Apertura,"Conecta Santa Blanca>Cancha 9",future,1,admin,pabloromeroduarte@gmail.com,Pablo,Romero,1233,,,0,0,0,closed,closed,2026-03-26
1234,"Freyre &#8211; Brosky vs Romero Duarte - Valenzuela",,,2026-04-02,sp_event,https://epleague.cl/event/1234/,,,,,,,,"Liga EPL>Liga 5ta",2026>Apertura,"Conecta Santa Blanca>Cancha 10",future,1,admin,pabloromeroduarte@gmail.com,Pablo,Romero,1234,,,0,0,0,closed,closed,2026-03-26
1235,"Hurtado Sotomayor &#8211; Martínez Cuadro vs Valenzuela Niedbalski - Garcia",,,2026-04-02,sp_event,https://epleague.cl/event/1235/,,,,,,,,"Liga EPL>Liga 5ta",2026>Apertura,"Conecta Santa Blanca>Cancha 11",future,1,admin,pabloromeroduarte@gmail.com,Pablo,Romero,1235,,,0,0,0,closed,closed,2026-03-26
1236,"Sfeir &#8211; Amigo vs Vera - Viel",,,2026-04-02,sp_event,https://epleague.cl/event/1236/,,,,,,,,"Liga EPL>Liga 5ta",2026>Apertura,"Conecta Santa Blanca>Cancha 12",future,1,admin,pabloromeroduarte@gmail.com,Pablo,Romero,1236,,,0,0,0,closed,closed,2026-03-26
1237,"Vargas &#8211; Diaz vs Vidal - Benítez",,,2026-04-02,sp_event,https://epleague.cl/event/1237/,,,,,,,,"Liga EPL>Liga 5ta",2026>Apertura,"Conecta Santa Blanca>Cancha 13",future,1,admin,pabloromeroduarte@gmail.com,Pablo,Romero,1237,,,0,0,0,closed,closed,2026-03-26
1238,"Montaner Reyes &#8211; Montaner Covarrubias vs Vogel - Silva",,,2026-04-10,sp_event,https://epleague.cl/event/1238/,,,,,,,,"Liga EPL>Liga 5ta",2026>Apertura,"Conecta Santa Blanca>Cancha 5",future,1,admin,pabloromeroduarte@gmail.com,Pablo,Romero,1238,,,0,0,0,closed,closed,2026-03-26
1239,"Romero &#8211; Merino vs Álvares Jara - Álvarez Velez",,,2026-04-10,sp_event,https://epleague.cl/event/1239/,,,,,,,,"Liga EPL>Liga 5ta",2026>Apertura,"Conecta Santa Blanca>Cancha 6",future,1,admin,pabloromeroduarte@gmail.com,Pablo,Romero,1239,,,0,0,0,closed,closed,2026-03-26
1240,"Ponce &#8211; Unda vs Eyzaguirre - Casasempere",,,2026-04-10,sp_event,https://epleague.cl/event/1240/,,,,,,,,"Liga EPL>Liga 5ta",2026>Apertura,"Conecta Santa Blanca>Cancha 7",future,1,admin,pabloromeroduarte@gmail.com,Pablo,Romero,1240,,,0,0,0,closed,closed,2026-03-26
1241,"Sica &#8211; Pizarro vs Giusti - Rivera",,,2026-04-10,sp_event,https://epleague.cl/event/1241/,,,,,,,,"Liga EPL>Liga 5ta",2026>Apertura,"Conecta Santa Blanca>Cancha 8",future,1,admin,pabloromeroduarte@gmail.com,Pablo,Romero,1241,,,0,0,0,closed,closed,2026-03-26
1242,"Martiz &#8211; Kattan vs Romero Duarte - Valenzuela",,,2026-04-10,sp_event,https://epleague.cl/event/1242/,,,,,,,,"Liga EPL>Liga 5ta",2026>Apertura,"Conecta Santa Blanca>Cancha 9",future,1,admin,pabloromeroduarte@gmail.com,Pablo,Romero,1242,,,0,0,0,closed,closed,2026-03-26
1243,"Botero Piedrahita &#8211; Verástegui vs Valenzuela Niedbalski - Garcia",,,2026-04-10,sp_event,https://epleague.cl/event/1243/,,,,,,,,"Liga EPL>Liga 5ta",2026>Apertura,"Conecta Santa Blanca>Cancha 10",future,1,admin,pabloromeroduarte@gmail.com,Pablo,Romero,1243,,,0,0,0,closed,closed,2026-03-26
1244,"Freyre &#8211; Brosky vs Vera - Viel",,,2026-04-10,sp_event,https://epleague.cl/event/1244/,,,,,,,,"Liga EPL>Liga 5ta",2026>Apertura,"Conecta Santa Blanca>Cancha 11",future,1,admin,pabloromeroduarte@gmail.com,Pablo,Romero,1244,,,0,0,0,closed,closed,2026-03-26
1245,"Hurtado Sotomayor &#8211; Martínez Cuadro vs Vidal - Benítez",,,2026-04-10,sp_event,https://epleague.cl/event/1245/,,,,,,,,"Liga EPL>Liga 5ta",2026>Apertura,"Conecta Santa Blanca>Cancha 12",future,1,admin,pabloromeroduarte@gmail.com,Pablo,Romero,1245,,,0,0,0,closed,closed,2026-03-26
1246,"Sfeir &#8211; Amigo vs Vargas - Diaz",,,2026-04-10,sp_event,https://epleague.cl/event/1246/,,,,,,,,"Liga EPL>Liga 5ta",2026>Apertura,"Conecta Santa Blanca>Cancha 13",future,1,admin,pabloromeroduarte@gmail.com,Pablo,Romero,1246,,,0,0,0,closed,closed,2026-03-26
1247,"Amaro Castro &#8211; Arance Ibieta vs Álvares Jara - Álvarez Velez",,,2026-04-17,sp_event,https://epleague.cl/event/1247/,,,,,,,,"Liga EPL>Liga 5ta",2026>Apertura,"Conecta Santa Blanca>Cancha 5",future,1,admin,pabloromeroduarte@gmail.com,Pablo,Romero,1247,,,0,0,0,closed,closed,2026-03-26
1248,"Montaner Reyes &#8211; Montaner Covarrubias vs Eyzaguirre - Casasempere",,,2026-04-17,sp_event,https://epleague.cl/event/1248/,,,,,,,,"Liga EPL>Liga 5ta",2026>Apertura,"Conecta Santa Blanca>Cancha 6",future,1,admin,pabloromeroduarte@gmail.com,Pablo,Romero,1248,,,0,0,0,closed,closed,2026-03-26
1249,"Romero &#8211; Merino vs Giusti - Rivera",,,2026-04-17,sp_event,https://epleague.cl/event/1249/,,,,,,,,"Liga EPL>Liga 5ta",2026>Apertura,"Conecta Santa Blanca>Cancha 7",future,1,admin,pabloromeroduarte@gmail.com,Pablo,Romero,1249,,,0,0,0,closed,closed,2026-03-26
1250,"Ponce &#8211; Unda vs Romero Duarte - Valenzuela",,,2026-04-17,sp_event,https://epleague.cl/event/1250/,,,,,,,,"Liga EPL>Liga 5ta",2026>Apertura,"Conecta Santa Blanca>Cancha 8",future,1,admin,pabloromeroduarte@gmail.com,Pablo,Romero,1250,,,0,0,0,closed,closed,2026-03-26
1251,"Sica &#8211; Pizarro vs Valenzuela Niedbalski - Garcia",,,2026-04-17,sp_event,https://epleague.cl/event/1251/,,,,,,,,"Liga EPL>Liga 5ta",2026>Apertura,"Conecta Santa Blanca>Cancha 9",future,1,admin,pabloromeroduarte@gmail.com,Pablo,Romero,1251,,,0,0,0,closed,closed,2026-03-26
1252,"Martiz &#8211; Kattan vs Vera - Viel",,,2026-04-17,sp_event,https://epleague.cl/event/1252/,,,,,,,,"Liga EPL>Liga 5ta",2026>Apertura,"Conecta Santa Blanca>Cancha 10",future,1,admin,pabloromeroduarte@gmail.com,Pablo,Romero,1252,,,0,0,0,closed,closed,2026-03-30
1253,"Botero Piedrahita &#8211; Verástegui vs Vidal - Benítez",,,2026-04-17,sp_event,https://epleague.cl/event/1253/,,,,,,,,"Liga EPL>Liga 5ta",2026>Apertura,"Conecta Santa Blanca>Cancha 11",future,1,admin,pabloromeroduarte@gmail.com,Pablo,Romero,1253,,,0,0,0,closed,closed,2026-03-26
1254,"Freyre &#8211; Brosky vs Vargas - Diaz",,,2026-04-17,sp_event,https://epleague.cl/event/1254/,,,,,,,,"Liga EPL>Liga 5ta",2026>Apertura,"Conecta Santa Blanca>Cancha 12",future,1,admin,pabloromeroduarte@gmail.com,Pablo,Romero,1254,,,0,0,0,closed,closed,2026-03-26
1255,"Hurtado Sotomayor &#8211; Martínez Cuadro vs Sfeir - Amigo",,,2026-04-17,sp_event,https://epleague.cl/event/1255/,,,,,,,,"Liga EPL>Liga 5ta",2026>Apertura,"Conecta Santa Blanca>Cancha 13",future,1,admin,pabloromeroduarte@gmail.com,Pablo,Romero,1255,,,0,0,0,closed,closed,2026-03-26
1256,"Vogel &#8211; Silva vs Eyzaguirre - Casasempere",,,2026-04-24,sp_event,https://epleague.cl/event/1256/,,,,,,,,"Liga EPL>Liga 5ta",2026>Apertura,"Conecta Santa Blanca>Cancha 5",future,1,admin,pabloromeroduarte@gmail.com,Pablo,Romero,1256,,,0,0,0,closed,closed,2026-03-26
1257,"Amaro Castro &#8211; Arance Ibieta vs Giusti - Rivera",,,2026-04-24,sp_event,https://epleague.cl/event/1257/,,,,,,,,"Liga EPL>Liga 5ta",2026>Apertura,"Conecta Santa Blanca>Cancha 6",future,1,admin,pabloromeroduarte@gmail.com,Pablo,Romero,1257,,,0,0,0,closed,closed,2026-03-26
1258,"Montaner Reyes &#8211; Montaner Covarrubias vs Romero Duarte - Valenzuela",,,2026-04-24,sp_event,https://epleague.cl/event/1258/,,,,,,,,"Liga EPL>Liga 5ta",2026>Apertura,"Conecta Santa Blanca>Cancha 7",future,1,admin,pabloromeroduarte@gmail.com,Pablo,Romero,1258,,,0,0,0,closed,closed,2026-03-26
1259,"Romero &#8211; Merino vs Valenzuela Niedbalski - Garcia",,,2026-04-24,sp_event,https://epleague.cl/event/1259/,,,,,,,,"Liga EPL>Liga 5ta",2026>Apertura,"Conecta Santa Blanca>Cancha 8",future,1,admin,pabloromeroduarte@gmail.com,Pablo,Romero,1259,,,0,0,0,closed,closed,2026-03-26
1260,"Ponce &#8211; Unda vs Vera - Viel",,,2026-04-24,sp_event,https://epleague.cl/event/1260/,,,,,,,,"Liga EPL>Liga 5ta",2026>Apertura,"Conecta Santa Blanca>Cancha 9",future,1,admin,pabloromeroduarte@gmail.com,Pablo,Romero,1260,,,0,0,0,closed,closed,2026-03-26
1261,"Sica &#8211; Pizarro vs Vidal - Benítez",,,2026-04-24,sp_event,https://epleague.cl/event/1261/,,,,,,,,"Liga EPL>Liga 5ta",2026>Apertura,"Conecta Santa Blanca>Cancha 10",future,1,admin,pabloromeroduarte@gmail.com,Pablo,Romero,1261,,,0,0,0,closed,closed,2026-03-26
1262,"Martiz &#8211; Kattan vs Vargas - Diaz",,,2026-04-24,sp_event,https://epleague.cl/event/1262/,,,,,,,,"Liga EPL>Liga 5ta",2026>Apertura,"Conecta Santa Blanca>Cancha 11",future,1,admin,pabloromeroduarte@gmail.com,Pablo,Romero,1262,,,0,0,0,closed,closed,2026-03-26
1263,"Botero Piedrahita &#8211; Verástegui vs Sfeir - Amigo",,,2026-04-24,sp_event,https://epleague.cl/event/1263/,,,,,,,,"Liga EPL>Liga 5ta",2026>Apertura,"Conecta Santa Blanca>Cancha 12",future,1,admin,pabloromeroduarte@gmail.com,Pablo,Romero,1263,,,0,0,0,closed,closed,2026-03-26
1264,"Freyre &#8211; Brosky vs Hurtado Sotomayor - Martínez Cuadro",,,2026-04-24,sp_event,https://epleague.cl/event/1264/,,,,,,,,"Liga EPL>Liga 5ta",2026>Apertura,"Conecta Santa Blanca>Cancha 13",future,1,admin,pabloromeroduarte@gmail.com,Pablo,Romero,1264,,,0,0,0,closed,closed,2026-03-26
1265,"Álvares Jara &#8211; Álvarez Velez vs Giusti - Rivera",,,2026-04-30,sp_event,https://epleague.cl/event/1265/,,,,,,,,"Liga EPL>Liga 5ta",2026>Apertura,"Conecta Santa Blanca>Cancha 5",future,1,admin,pabloromeroduarte@gmail.com,Pablo,Romero,1265,,,0,0,0,closed,closed,2026-03-26
1266,"Vogel &#8211; Silva vs Romero Duarte - Valenzuela",,,2026-04-30,sp_event,https://epleague.cl/event/1266/,,,,,,,,"Liga EPL>Liga 5ta",2026>Apertura,"Conecta Santa Blanca>Cancha 6",future,1,admin,pabloromeroduarte@gmail.com,Pablo,Romero,1266,,,0,0,0,closed,closed,2026-03-26
1267,"Amaro Castro &#8211; Arance Ibieta vs Valenzuela Niedbalski - Garcia",,,2026-04-30,sp_event,https://epleague.cl/event/1267/,,,,,,,,"Liga EPL>Liga 5ta",2026>Apertura,"Conecta Santa Blanca>Cancha 7",future,1,admin,pabloromeroduarte@gmail.com,Pablo,Romero,1267,,,0,0,0,closed,closed,2026-03-26
1268,"Montaner Reyes &#8211; Montaner Covarrubias vs Vera - Viel",,,2026-04-30,sp_event,https://epleague.cl/event/1268/,,,,,,,,"Liga EPL>Liga 5ta",2026>Apertura,"Conecta Santa Blanca>Cancha 8",future,1,admin,pabloromeroduarte@gmail.com,Pablo,Romero,1268,,,0,0,0,closed,closed,2026-03-26
1269,"Romero &#8211; Merino vs Vidal - Benítez",,,2026-04-30,sp_event,https://epleague.cl/event/1269/,,,,,,,,"Liga EPL>Liga 5ta",2026>Apertura,"Conecta Santa Blanca>Cancha 9",future,1,admin,pabloromeroduarte@gmail.com,Pablo,Romero,1269,,,0,0,0,closed,closed,2026-03-26
1270,"Ponce &#8211; Unda vs Vargas - Diaz",,,2026-04-30,sp_event,https://epleague.cl/event/1270/,,,,,,,,"Liga EPL>Liga 5ta",2026>Apertura,"Conecta Santa Blanca>Cancha 10",future,1,admin,pabloromeroduarte@gmail.com,Pablo,Romero,1270,,,0,0,0,closed,closed,2026-03-26
1271,"Sica &#8211; Pizarro vs Sfeir - Amigo",,,2026-04-30,sp_event,https://epleague.cl/event/1271/,,,,,,,,"Liga EPL>Liga 5ta",2026>Apertura,"Conecta Santa Blanca>Cancha 11",future,1,admin,pabloromeroduarte@gmail.com,Pablo,Romero,1271,,,0,0,0,closed,closed,2026-03-26
1272,"Martiz &#8211; Kattan vs Hurtado Sotomayor - Martínez Cuadro",,,2026-04-30,sp_event,https://epleague.cl/event/1272/,,,,,,,,"Liga EPL>Liga 5ta",2026>Apertura,"Conecta Santa Blanca>Cancha 12",future,1,admin,pabloromeroduarte@gmail.com,Pablo,Romero,1272,,,0,0,0,closed,closed,2026-03-26
1273,"Botero Piedrahita &#8211; Verástegui vs Freyre - Brosky",,,2026-04-30,sp_event,https://epleague.cl/event/1273/,,,,,,,,"Liga EPL>Liga 5ta",2026>Apertura,"Conecta Santa Blanca>Cancha 13",future,1,admin,pabloromeroduarte@gmail.com,Pablo,Romero,1273,,,0,0,0,closed,closed,2026-03-26
1274,"Eyzaguirre &#8211; Casasempere vs Romero Duarte - Valenzuela",,,2026-05-08,sp_event,https://epleague.cl/event/1274/,,,,,,,,"Liga EPL>Liga 5ta",2026>Apertura,"Conecta Santa Blanca>Cancha 5",future,1,admin,pabloromeroduarte@gmail.com,Pablo,Romero,1274,,,0,0,0,closed,closed,2026-03-26
1275,"Álvares Jara &#8211; Álvarez Velez vs Valenzuela Niedbalski - Garcia",,,2026-05-08,sp_event,https://epleague.cl/event/1275/,,,,,,,,"Liga EPL>Liga 5ta",2026>Apertura,"Conecta Santa Blanca>Cancha 6",future,1,admin,pabloromeroduarte@gmail.com,Pablo,Romero,1275,,,0,0,0,closed,closed,2026-03-26
1276,"Vogel &#8211; Silva vs Vera - Viel",,,2026-05-08,sp_event,https://epleague.cl/event/1276/,,,,,,,,"Liga EPL>Liga 5ta",2026>Apertura,"Conecta Santa Blanca>Cancha 7",future,1,admin,pabloromeroduarte@gmail.com,Pablo,Romero,1276,,,0,0,0,closed,closed,2026-03-26
1277,"Amaro Castro &#8211; Arance Ibieta vs Vidal - Benítez",,,2026-05-08,sp_event,https://epleague.cl/event/1277/,,,,,,,,"Liga EPL>Liga 5ta",2026>Apertura,"Conecta Santa Blanca>Cancha 8",future,1,admin,pabloromeroduarte@gmail.com,Pablo,Romero,1277,,,0,0,0,closed,closed,2026-03-26
1278,"Montaner Reyes &#8211; Montaner Covarrubias vs Vargas - Diaz",,,2026-05-08,sp_event,https://epleague.cl/event/1278/,,,,,,,,"Liga EPL>Liga 5ta",2026>Apertura,"Conecta Santa Blanca>Cancha 9",future,1,admin,pabloromeroduarte@gmail.com,Pablo,Romero,1278,,,0,0,0,closed,closed,2026-03-26
1279,"Romero &#8211; Merino vs Sfeir - Amigo",,,2026-05-08,sp_event,https://epleague.cl/event/1279/,,,,,,,,"Liga EPL>Liga 5ta",2026>Apertura,"Conecta Santa Blanca>Cancha 10",future,1,admin,pabloromeroduarte@gmail.com,Pablo,Romero,1279,,,0,0,0,closed,closed,2026-03-26
1280,"Ponce &#8211; Unda vs Hurtado Sotomayor - Martínez Cuadro",,,2026-05-08,sp_event,https://epleague.cl/event/1280/,,,,,,,,"Liga EPL>Liga 5ta",2026>Apertura,"Conecta Santa Blanca>Cancha 11",future,1,admin,pabloromeroduarte@gmail.com,Pablo,Romero,1280,,,0,0,0,closed,closed,2026-03-26
1281,"Sica &#8211; Pizarro vs Freyre - Brosky",,,2026-05-08,sp_event,https://epleague.cl/event/1281/,,,,,,,,"Liga EPL>Liga 5ta",2026>Apertura,"Conecta Santa Blanca>Cancha 12",future,1,admin,pabloromeroduarte@gmail.com,Pablo,Romero,1281,,,0,0,0,closed,closed,2026-03-26
1282,"Martiz &#8211; Kattan vs Botero Piedrahita - Verástegui",,,2026-05-08,sp_event,https://epleague.cl/event/1282/,,,,,,,,"Liga EPL>Liga 5ta",2026>Apertura,"Conecta Santa Blanca>Cancha 13",future,1,admin,pabloromeroduarte@gmail.com,Pablo,Romero,1282,,,0,0,0,closed,closed,2026-03-26
1283,"Giusti &#8211; Rivera vs Valenzuela Niedbalski - Garcia",,,2026-05-15,sp_event,https://epleague.cl/event/1283/,,,,,,,,"Liga EPL>Liga 5ta",2026>Apertura,"Conecta Santa Blanca>Cancha 5",future,1,admin,pabloromeroduarte@gmail.com,Pablo,Romero,1283,,,0,0,0,closed,closed,2026-03-26
1284,"Eyzaguirre &#8211; Casasempere vs Vera - Viel",,,2026-05-15,sp_event,https://epleague.cl/event/1284/,,,,,,,,"Liga EPL>Liga 5ta",2026>Apertura,"Conecta Santa Blanca>Cancha 6",future,1,admin,pabloromeroduarte@gmail.com,Pablo,Romero,1284,,,0,0,0,closed,closed,2026-03-26
1285,"Álvares Jara &#8211; Álvarez Velez vs Vidal - Benítez",,,2026-05-15,sp_event,https://epleague.cl/event/1285/,,,,,,,,"Liga EPL>Liga 5ta",2026>Apertura,"Conecta Santa Blanca>Cancha 7",future,1,admin,pabloromeroduarte@gmail.com,Pablo,Romero,1285,,,0,0,0,closed,closed,2026-03-26
1286,"Vogel &#8211; Silva vs Vargas - Diaz",,,2026-05-15,sp_event,https://epleague.cl/event/1286/,,,,,,,,"Liga EPL>Liga 5ta",2026>Apertura,"Conecta Santa Blanca>Cancha 8",future,1,admin,pabloromeroduarte@gmail.com,Pablo,Romero,1286,,,0,0,0,closed,closed,2026-03-26
1287,"Amaro Castro &#8211; Arance Ibieta vs Sfeir - Amigo",,,2026-05-15,sp_event,https://epleague.cl/event/1287/,,,,,,,,"Liga EPL>Liga 5ta",2026>Apertura,"Conecta Santa Blanca>Cancha 9",future,1,admin,pabloromeroduarte@gmail.com,Pablo,Romero,1287,,,0,0,0,closed,closed,2026-03-26
1288,"Montaner Reyes &#8211; Montaner Covarrubias vs Hurtado Sotomayor - Martínez Cuadro",,,2026-05-15,sp_event,https://epleague.cl/event/1288/,,,,,,,,"Liga EPL>Liga 5ta",2026>Apertura,"Conecta Santa Blanca>Cancha 10",future,1,admin,pabloromeroduarte@gmail.com,Pablo,Romero,1288,,,0,0,0,closed,closed,2026-03-26
1289,"Romero &#8211; Merino vs Freyre - Brosky",,,2026-05-15,sp_event,https://epleague.cl/event/1289/,,,,,,,,"Liga EPL>Liga 5ta",2026>Apertura,"Conecta Santa Blanca>Cancha 11",future,1,admin,pabloromeroduarte@gmail.com,Pablo,Romero,1289,,,0,0,0,closed,closed,2026-03-26
1290,"Ponce &#8211; Unda vs Botero Piedrahita - Verástegui",,,2026-05-15,sp_event,https://epleague.cl/event/1290/,,,,,,,,"Liga EPL>Liga 5ta",2026>Apertura,"Conecta Santa Blanca>Cancha 12",future,1,admin,pabloromeroduarte@gmail.com,Pablo,Romero,1290,,,0,0,0,closed,closed,2026-03-26
1291,"Sica &#8211; Pizarro vs Martiz - Kattan",,,2026-05-15,sp_event,https://epleague.cl/event/1291/,,,,,,,,"Liga EPL>Liga 5ta",2026>Apertura,"Conecta Santa Blanca>Cancha 13",future,1,admin,pabloromeroduarte@gmail.com,Pablo,Romero,1291,,,0,0,0,closed,closed,2026-03-26
1292,"Romero Duarte &#8211; Valenzuela vs Vera - Viel",,,2026-05-29,sp_event,https://epleague.cl/event/1292/,,,,,,,,"Liga EPL>Liga 5ta",2026>Apertura,"Conecta Santa Blanca>Cancha 5",future,1,admin,pabloromeroduarte@gmail.com,Pablo,Romero,1292,,,0,0,0,closed,closed,2026-03-26
1293,"Giusti &#8211; Rivera vs Vidal - Benítez",,,2026-05-29,sp_event,https://epleague.cl/event/1293/,,,,,,,,"Liga EPL>Liga 5ta",2026>Apertura,"Conecta Santa Blanca>Cancha 6",future,1,admin,pabloromeroduarte@gmail.com,Pablo,Romero,1293,,,0,0,0,closed,closed,2026-03-26
1294,"Eyzaguirre &#8211; Casasempere vs Vargas - Diaz",,,2026-05-29,sp_event,https://epleague.cl/event/1294/,,,,,,,,"Liga EPL>Liga 5ta",2026>Apertura,"Conecta Santa Blanca>Cancha 7",future,1,admin,pabloromeroduarte@gmail.com,Pablo,Romero,1294,,,0,0,0,closed,closed,2026-03-26
1295,"Álvares Jara &#8211; Álvarez Velez vs Sfeir - Amigo",,,2026-05-29,sp_event,https://epleague.cl/event/1295/,,,,,,,,"Liga EPL>Liga 5ta",2026>Apertura,"Conecta Santa Blanca>Cancha 8",future,1,admin,pabloromeroduarte@gmail.com,Pablo,Romero,1295,,,0,0,0,closed,closed,2026-03-26
1296,"Vogel &#8211; Silva vs Hurtado Sotomayor - Martínez Cuadro",,,2026-05-29,sp_event,https://epleague.cl/event/1296/,,,,,,,,"Liga EPL>Liga 5ta",2026>Apertura,"Conecta Santa Blanca>Cancha 9",future,1,admin,pabloromeroduarte@gmail.com,Pablo,Romero,1296,,,0,0,0,closed,closed,2026-03-26
1297,"Amaro Castro &#8211; Arance Ibieta vs Freyre - Brosky",,,2026-05-29,sp_event,https://epleague.cl/event/1297/,,,,,,,,"Liga EPL>Liga 5ta",2026>Apertura,"Conecta Santa Blanca>Cancha 10",future,1,admin,pabloromeroduarte@gmail.com,Pablo,Romero,1297,,,0,0,0,closed,closed,2026-03-26
1298,"Montaner Reyes &#8211; Montaner Covarrubias vs Botero Piedrahita - Verástegui",,,2026-05-29,sp_event,https://epleague.cl/event/1298/,,,,,,,,"Liga EPL>Liga 5ta",2026>Apertura,"Conecta Santa Blanca>Cancha 11",future,1,admin,pabloromeroduarte@gmail.com,Pablo,Romero,1298,,,0,0,0,closed,closed,2026-03-26
1299,"Romero &#8211; Merino vs Martiz - Kattan",,,2026-05-29,sp_event,https://epleague.cl/event/1299/,,,,,,,,"Liga EPL>Liga 5ta",2026>Apertura,"Conecta Santa Blanca>Cancha 12",future,1,admin,pabloromeroduarte@gmail.com,Pablo,Romero,1299,,,0,0,0,closed,closed,2026-03-26
1300,"Ponce &#8211; Unda vs Sica - Pizarro",,,2026-05-29,sp_event,https://epleague.cl/event/1300/,,,,,,,,"Liga EPL>Liga 5ta",2026>Apertura,"Conecta Santa Blanca>Cancha 13",future,1,admin,pabloromeroduarte@gmail.com,Pablo,Romero,1300,,,0,0,0,closed,closed,2026-03-26
1301,"Valenzuela Niedbalski &#8211; Garcia vs Vidal - Benítez",,,2026-06-05,sp_event,https://epleague.cl/event/1301/,,,,,,,,"Liga EPL>Liga 5ta",2026>Apertura,"Conecta Santa Blanca>Cancha 5",future,1,admin,pabloromeroduarte@gmail.com,Pablo,Romero,1301,,,0,0,0,closed,closed,2026-03-26
1302,"Romero Duarte &#8211; Valenzuela vs Vargas - Diaz",,,2026-06-05,sp_event,https://epleague.cl/event/1302/,,,,,,,,"Liga EPL>Liga 5ta",2026>Apertura,"Conecta Santa Blanca>Cancha 6",future,1,admin,pabloromeroduarte@gmail.com,Pablo,Romero,1302,,,0,0,0,closed,closed,2026-03-26
1303,"Giusti &#8211; Rivera vs Sfeir - Amigo",,,2026-06-05,sp_event,https://epleague.cl/event/1303/,,,,,,,,"Liga EPL>Liga 5ta",2026>Apertura,"Conecta Santa Blanca>Cancha 7",future,1,admin,pabloromeroduarte@gmail.com,Pablo,Romero,1303,,,0,0,0,closed,closed,2026-03-26
1304,"Eyzaguirre &#8211; Casasempere vs Hurtado Sotomayor - Martínez Cuadro",,,2026-06-05,sp_event,https://epleague.cl/event/1304/,,,,,,,,"Liga EPL>Liga 5ta",2026>Apertura,"Conecta Santa Blanca>Cancha 8",future,1,admin,pabloromeroduarte@gmail.com,Pablo,Romero,1304,,,0,0,0,closed,closed,2026-03-26
1305,"Álvares Jara &#8211; Álvarez Velez vs Freyre - Brosky",,,2026-06-05,sp_event,https://epleague.cl/event/1305/,,,,,,,,"Liga EPL>Liga 5ta",2026>Apertura,"Conecta Santa Blanca>Cancha 9",future,1,admin,pabloromeroduarte@gmail.com,Pablo,Romero,1305,,,0,0,0,closed,closed,2026-03-26
1306,"Vogel &#8211; Silva vs Botero Piedrahita - Verástegui",,,2026-06-05,sp_event,https://epleague.cl/event/1306/,,,,,,,,"Liga EPL>Liga 5ta",2026>Apertura,"Conecta Santa Blanca>Cancha 10",future,1,admin,pabloromeroduarte@gmail.com,Pablo,Romero,1306,,,0,0,0,closed,closed,2026-03-26
1307,"Amaro Castro &#8211; Arance Ibieta vs Martiz - Kattan",,,2026-06-05,sp_event,https://epleague.cl/event/1307/,,,,,,,,"Liga EPL>Liga 5ta",2026>Apertura,"Conecta Santa Blanca>Cancha 11",future,1,admin,pabloromeroduarte@gmail.com,Pablo,Romero,1307,,,0,0,0,closed,closed,2026-03-26
1308,"Montaner Reyes &#8211; Montaner Covarrubias vs Sica - Pizarro",,,2026-06-05,sp_event,https://epleague.cl/event/1308/,,,,,,,,"Liga EPL>Liga 5ta",2026>Apertura,"Conecta Santa Blanca>Cancha 12",future,1,admin,pabloromeroduarte@gmail.com,Pablo,Romero,1308,,,0,0,0,closed,closed,2026-03-26
1309,"Romero &#8211; Merino vs Ponce - Unda",,,2026-06-05,sp_event,https://epleague.cl/event/1309/,,,,,,,,"Liga EPL>Liga 5ta",2026>Apertura,"Conecta Santa Blanca>Cancha 13",future,1,admin,pabloromeroduarte@gmail.com,Pablo,Romero,1309,,,0,0,0,closed,closed,2026-03-26
1311,"Vera &#8211; Viel vs Vargas - Diaz",,,2026-06-12,sp_event,https://epleague.cl/event/1311/,,,,,,,,"Liga EPL>Liga 5ta",2026>Apertura,"Conecta Santa Blanca>Cancha 5",future,1,admin,pabloromeroduarte@gmail.com,Pablo,Romero,1311,,,0,0,0,closed,closed,2026-03-26
1312,"Valenzuela Niedbalski &#8211; Garcia vs Sfeir - Amigo",,,2026-06-12,sp_event,https://epleague.cl/event/1312/,,,,,,,,"Liga EPL>Liga 5ta",2026>Apertura,"Conecta Santa Blanca>Cancha 6",future,1,admin,pabloromeroduarte@gmail.com,Pablo,Romero,1312,,,0,0,0,closed,closed,2026-03-26
1313,"Romero Duarte &#8211; Valenzuela vs Hurtado Sotomayor - Martínez Cuadro",,,2026-06-12,sp_event,https://epleague.cl/event/1313/,,,,,,,,"Liga EPL>Liga 5ta",2026>Apertura,"Conecta Santa Blanca>Cancha 7",future,1,admin,pabloromeroduarte@gmail.com,Pablo,Romero,1313,,,0,0,0,closed,closed,2026-03-26
1314,"Giusti &#8211; Rivera vs Freyre - Brosky",,,2026-06-12,sp_event,https://epleague.cl/event/1314/,,,,,,,,"Liga EPL>Liga 5ta",2026>Apertura,"Conecta Santa Blanca>Cancha 8",future,1,admin,pabloromeroduarte@gmail.com,Pablo,Romero,1314,,,0,0,0,closed,closed,2026-03-26
1315,"Eyzaguirre &#8211; Casasempere vs Botero Piedrahita - Verástegui",,,2026-06-12,sp_event,https://epleague.cl/event/1315/,,,,,,,,"Liga EPL>Liga 5ta",2026>Apertura,"Conecta Santa Blanca>Cancha 9",future,1,admin,pabloromeroduarte@gmail.com,Pablo,Romero,1315,,,0,0,0,closed,closed,2026-03-26
1316,"Álvares Jara &#8211; Álvarez Velez vs Martiz - Kattan",,,2026-06-12,sp_event,https://epleague.cl/event/1316/,,,,,,,,"Liga EPL>Liga 5ta",2026>Apertura,"Conecta Santa Blanca>Cancha 10",future,1,admin,pabloromeroduarte@gmail.com,Pablo,Romero,1316,,,0,0,0,closed,closed,2026-03-26
1317,"Vogel &#8211; Silva vs Sica - Pizarro",,,2026-06-12,sp_event,https://epleague.cl/event/1317/,,,,,,,,"Liga EPL>Liga 5ta",2026>Apertura,"Conecta Santa Blanca>Cancha 11",future,1,admin,pabloromeroduarte@gmail.com,Pablo,Romero,1317,,,0,0,0,closed,closed,2026-03-26
1318,"Amaro Castro &#8211; Arance Ibieta vs Ponce - Unda",,,2026-06-12,sp_event,https://epleague.cl/event/1318/,,,,,,,,"Liga EPL>Liga 5ta",2026>Apertura,"Conecta Santa Blanca>Cancha 12",future,1,admin,pabloromeroduarte@gmail.com,Pablo,Romero,1318,,,0,0,0,closed,closed,2026-03-26
1319,"Montaner Reyes &#8211; Montaner Covarrubias vs Romero - Merino",,,2026-06-12,sp_event,https://epleague.cl/event/1319/,,,,,,,,"Liga EPL>Liga 5ta",2026>Apertura,"Conecta Santa Blanca>Cancha 13",future,1,admin,pabloromeroduarte@gmail.com,Pablo,Romero,1319,,,0,0,0,closed,closed,2026-03-26
1320,"Vidal &#8211; Benítez vs Sfeir - Amigo",,,2026-06-19,sp_event,https://epleague.cl/event/1320/,,,,,,,,"Liga EPL>Liga 5ta",2026>Apertura,"Conecta Santa Blanca>Cancha 5",future,1,admin,pabloromeroduarte@gmail.com,Pablo,Romero,1320,,,0,0,0,closed,closed,2026-03-26
1321,"Vera &#8211; Viel vs Hurtado Sotomayor - Martínez Cuadro",,,2026-06-19,sp_event,https://epleague.cl/event/1321/,,,,,,,,"Liga EPL>Liga 5ta",2026>Apertura,"Conecta Santa Blanca>Cancha 6",future,1,admin,pabloromeroduarte@gmail.com,Pablo,Romero,1321,,,0,0,0,closed,closed,2026-03-26
1322,"Valenzuela Niedbalski &#8211; Garcia vs Freyre - Brosky",,,2026-06-19,sp_event,https://epleague.cl/event/1322/,,,,,,,,"Liga EPL>Liga 5ta",2026>Apertura,"Conecta Santa Blanca>Cancha 7",future,1,admin,pabloromeroduarte@gmail.com,Pablo,Romero,1322,,,0,0,0,closed,closed,2026-03-26
1323,"Romero Duarte &#8211; Valenzuela vs Botero Piedrahita - Verástegui",,,2026-06-19,sp_event,https://epleague.cl/event/1323/,,,,,,,,"Liga EPL>Liga 5ta",2026>Apertura,"Conecta Santa Blanca>Cancha 8",future,1,admin,pabloromeroduarte@gmail.com,Pablo,Romero,1323,,,0,0,0,closed,closed,2026-03-26
1324,"Giusti &#8211; Rivera vs Martiz - Kattan",,,2026-06-19,sp_event,https://epleague.cl/event/1324/,,,,,,,,"Liga EPL>Liga 5ta",2026>Apertura,"Conecta Santa Blanca>Cancha 9",future,1,admin,pabloromeroduarte@gmail.com,Pablo,Romero,1324,,,0,0,0,closed,closed,2026-03-26
1325,"Eyzaguirre &#8211; Casasempere vs Sica - Pizarro",,,2026-06-19,sp_event,https://epleague.cl/event/1325/,,,,,,,,"Liga EPL>Liga 5ta",2026>Apertura,"Conecta Santa Blanca>Cancha 10",future,1,admin,pabloromeroduarte@gmail.com,Pablo,Romero,1325,,,0,0,0,closed,closed,2026-03-26
1326,"Álvares Jara &#8211; Álvarez Velez vs Ponce - Unda",,,2026-06-19,sp_event,https://epleague.cl/event/1326/,,,,,,,,"Liga EPL>Liga 5ta",2026>Apertura,"Conecta Santa Blanca>Cancha 11",future,1,admin,pabloromeroduarte@gmail.com,Pablo,Romero,1326,,,0,0,0,closed,closed,2026-03-26
1327,"Vogel &#8211; Silva vs Romero - Merino",,,2026-06-19,sp_event,https://epleague.cl/event/1327/,,,,,,,,"Liga EPL>Liga 5ta",2026>Apertura,"Conecta Santa Blanca>Cancha 12",future,1,admin,pabloromeroduarte@gmail.com,Pablo,Romero,1327,,,0,0,0,closed,closed,2026-03-26
1328,"Amaro Castro &#8211; Arance Ibieta vs Montaner Reyes - Montaner Covarrubias",,,2026-06-19,sp_event,https://epleague.cl/event/1328/,,,,,,,,"Liga EPL>Liga 5ta",2026>Apertura,"Conecta Santa Blanca>Cancha 13",future,1,admin,pabloromeroduarte@gmail.com,Pablo,Romero,1328,,,0,0,0,closed,closed,2026-03-26
1329,"Vargas &#8211; Diaz vs Hurtado Sotomayor - Martínez Cuadro",,,2026-06-26,sp_event,https://epleague.cl/event/1329/,,,,,,,,"Liga EPL>Liga 5ta",2026>Apertura,"Conecta Santa Blanca>Cancha 5",future,1,admin,pabloromeroduarte@gmail.com,Pablo,Romero,1329,,,0,0,0,closed,closed,2026-03-26
1330,"Vidal &#8211; Benítez vs Freyre - Brosky",,,2026-06-26,sp_event,https://epleague.cl/event/1330/,,,,,,,,"Liga EPL>Liga 5ta",2026>Apertura,"Conecta Santa Blanca>Cancha 6",future,1,admin,pabloromeroduarte@gmail.com,Pablo,Romero,1330,,,0,0,0,closed,closed,2026-03-26
1331,"Vera &#8211; Viel vs Botero Piedrahita - Verástegui",,,2026-06-26,sp_event,https://epleague.cl/event/1331/,,,,,,,,"Liga EPL>Liga 5ta",2026>Apertura,"Conecta Santa Blanca>Cancha 7",future,1,admin,pabloromeroduarte@gmail.com,Pablo,Romero,1331,,,0,0,0,closed,closed,2026-03-26
1332,"Valenzuela Niedbalski &#8211; Garcia vs Martiz - Kattan",,,2026-06-26,sp_event,https://epleague.cl/event/1332/,,,,,,,,"Liga EPL>Liga 5ta",2026>Apertura,"Conecta Santa Blanca>Cancha 8",future,1,admin,pabloromeroduarte@gmail.com,Pablo,Romero,1332,,,0,0,0,closed,closed,2026-03-26
1333,"Romero Duarte &#8211; Valenzuela vs Sica - Pizarro",,,2026-06-26,sp_event,https://epleague.cl/event/1333/,,,,,,,,"Liga EPL>Liga 5ta",2026>Apertura,"Conecta Santa Blanca>Cancha 9",future,1,admin,pabloromeroduarte@gmail.com,Pablo,Romero,1333,,,0,0,0,closed,closed,2026-03-26
1334,"Giusti &#8211; Rivera vs Ponce - Unda",,,2026-06-26,sp_event,https://epleague.cl/event/1334/,,,,,,,,"Liga EPL>Liga 5ta",2026>Apertura,"Conecta Santa Blanca>Cancha 10",future,1,admin,pabloromeroduarte@gmail.com,Pablo,Romero,1334,,,0,0,0,closed,closed,2026-03-26
1335,"Eyzaguirre &#8211; Casasempere vs Romero - Merino",,,2026-06-26,sp_event,https://epleague.cl/event/1335/,,,,,,,,"Liga EPL>Liga 5ta",2026>Apertura,"Conecta Santa Blanca>Cancha 11",future,1,admin,pabloromeroduarte@gmail.com,Pablo,Romero,1335,,,0,0,0,closed,closed,2026-03-26
1336,"Álvares Jara &#8211; Álvarez Velez vs Montaner Reyes - Montaner Covarrubias",,,2026-06-26,sp_event,https://epleague.cl/event/1336/,,,,,,,,"Liga EPL>Liga 5ta",2026>Apertura,"Conecta Santa Blanca>Cancha 12",future,1,admin,pabloromeroduarte@gmail.com,Pablo,Romero,1336,,,0,0,0,closed,closed,2026-03-26
1337,"Vogel &#8211; Silva vs Amaro Castro - Arance Ibieta",,,2026-06-26,sp_event,https://epleague.cl/event/1337/,,,,,,,,"Liga EPL>Liga 5ta",2026>Apertura,"Conecta Santa Blanca>Cancha 13",future,1,admin,pabloromeroduarte@gmail.com,Pablo,Romero,1337,,,0,0,0,closed,closed,2026-03-26
1338,"Sfeir &#8211; Amigo vs Freyre - Brosky",,,2026-07-03,sp_event,https://epleague.cl/event/1338/,,,,,,,,"Liga EPL>Liga 5ta",2026>Apertura,"Conecta Santa Blanca>Cancha 5",future,1,admin,pabloromeroduarte@gmail.com,Pablo,Romero,1338,,,0,0,0,closed,closed,2026-03-26
1339,"Vargas &#8211; Diaz vs Botero Piedrahita - Verástegui",,,2026-07-03,sp_event,https://epleague.cl/event/1339/,,,,,,,,"Liga EPL>Liga 5ta",2026>Apertura,"Conecta Santa Blanca>Cancha 6",future,1,admin,pabloromeroduarte@gmail.com,Pablo,Romero,1339,,,0,0,0,closed,closed,2026-03-26
1340,"Vidal &#8211; Benítez vs Martiz - Kattan",,,2026-07-03,sp_event,https://epleague.cl/event/1340/,,,,,,,,"Liga EPL>Liga 5ta",2026>Apertura,"Conecta Santa Blanca>Cancha 7",future,1,admin,pabloromeroduarte@gmail.com,Pablo,Romero,1340,,,0,0,0,closed,closed,2026-03-26
1341,"Vera &#8211; Viel vs Sica - Pizarro",,,2026-07-03,sp_event,https://epleague.cl/event/1341/,,,,,,,,"Liga EPL>Liga 5ta",2026>Apertura,"Conecta Santa Blanca>Cancha 8",future,1,admin,pabloromeroduarte@gmail.com,Pablo,Romero,1341,,,0,0,0,closed,closed,2026-03-26
1342,"Valenzuela Niedbalski &#8211; Garcia vs Ponce - Unda",,,2026-07-03,sp_event,https://epleague.cl/event/1342/,,,,,,,,"Liga EPL>Liga 5ta",2026>Apertura,"Conecta Santa Blanca>Cancha 9",future,1,admin,pabloromeroduarte@gmail.com,Pablo,Romero,1342,,,0,0,0,closed,closed,2026-03-26
1343,"Romero Duarte &#8211; Valenzuela vs Romero - Merino",,,2026-07-03,sp_event,https://epleague.cl/event/1343/,,,,,,,,"Liga EPL>Liga 5ta",2026>Apertura,"Conecta Santa Blanca>Cancha 10",future,1,admin,pabloromeroduarte@gmail.com,Pablo,Romero,1343,,,0,0,0,closed,closed,2026-03-26
1344,"Giusti &#8211; Rivera vs Montaner Reyes - Montaner Covarrubias",,,2026-07-03,sp_event,https://epleague.cl/event/1344/,,,,,,,,"Liga EPL>Liga 5ta",2026>Apertura,"Conecta Santa Blanca>Cancha 11",future,1,admin,pabloromeroduarte@gmail.com,Pablo,Romero,1344,,,0,0,0,closed,closed,2026-03-26
1345,"Eyzaguirre &#8211; Casasempere vs Amaro Castro - Arance Ibieta",,,2026-07-03,sp_event,https://epleague.cl/event/1345/,,,,,,,,"Liga EPL>Liga 5ta",2026>Apertura,"Conecta Santa Blanca>Cancha 12",future,1,admin,pabloromeroduarte@gmail.com,Pablo,Romero,1345,,,0,0,0,closed,closed,2026-03-26
1346,"Álvares Jara &#8211; Álvarez Velez vs Vogel - Silva",,,2026-07-03,sp_event,https://epleague.cl/event/1346/,,,,,,,,"Liga EPL>Liga 5ta",2026>Apertura,"Conecta Santa Blanca>Cancha 13",future,1,admin,pabloromeroduarte@gmail.com,Pablo,Romero,1346,,,0,0,0,closed,closed,2026-03-26
1347,"Hurtado Sotomayor &#8211; Martínez Cuadro vs Botero Piedrahita - Verástegui",,,2026-07-10,sp_event,https://epleague.cl/event/1347/,,,,,,,,"Liga EPL>Liga 5ta",2026>Apertura,"Conecta Santa Blanca>Cancha 5",future,1,admin,pabloromeroduarte@gmail.com,Pablo,Romero,1347,,,0,0,0,closed,closed,2026-03-26
1348,"Sfeir &#8211; Amigo vs Martiz - Kattan",,,2026-07-10,sp_event,https://epleague.cl/event/1348/,,,,,,,,"Liga EPL>Liga 5ta",2026>Apertura,"Conecta Santa Blanca>Cancha 6",future,1,admin,pabloromeroduarte@gmail.com,Pablo,Romero,1348,,,0,0,0,closed,closed,2026-03-26
1349,"Vargas &#8211; Diaz vs Sica - Pizarro",,,2026-07-10,sp_event,https://epleague.cl/event/1349/,,,,,,,,"Liga EPL>Liga 5ta",2026>Apertura,"Conecta Santa Blanca>Cancha 7",future,1,admin,pabloromeroduarte@gmail.com,Pablo,Romero,1349,,,0,0,0,closed,closed,2026-03-26
1350,"Vidal &#8211; Benítez vs Ponce - Unda",,,2026-07-10,sp_event,https://epleague.cl/event/1350/,,,,,,,,"Liga EPL>Liga 5ta",2026>Apertura,"Conecta Santa Blanca>Cancha 8",future,1,admin,pabloromeroduarte@gmail.com,Pablo,Romero,1350,,,0,0,0,closed,closed,2026-03-26
1351,"Vera &#8211; Viel vs Romero - Merino",,,2026-07-10,sp_event,https://epleague.cl/event/1351/,,,,,,,,"Liga EPL>Liga 5ta",2026>Apertura,"Conecta Santa Blanca>Cancha 9",future,1,admin,pabloromeroduarte@gmail.com,Pablo,Romero,1351,,,0,0,0,closed,closed,2026-03-26
1352,"Valenzuela Niedbalski &#8211; Garcia vs Montaner Reyes - Montaner Covarrubias",,,2026-07-10,sp_event,https://epleague.cl/event/1352/,,,,,,,,"Liga EPL>Liga 5ta",2026>Apertura,"Conecta Santa Blanca>Cancha 10",future,1,admin,pabloromeroduarte@gmail.com,Pablo,Romero,1352,,,0,0,0,closed,closed,2026-03-26
1353,"Romero Duarte &#8211; Valenzuela vs Amaro Castro - Arance Ibieta",,,2026-07-10,sp_event,https://epleague.cl/event/1353/,,,,,,,,"Liga EPL>Liga 5ta",2026>Apertura,"Conecta Santa Blanca>Cancha 11",future,1,admin,pabloromeroduarte@gmail.com,Pablo,Romero,1353,,,0,0,0,closed,closed,2026-03-26
1354,"Giusti &#8211; Rivera vs Vogel - Silva",,,2026-07-10,sp_event,https://epleague.cl/event/1354/,,,,,,,,"Liga EPL>Liga 5ta",2026>Apertura,"Conecta Santa Blanca>Cancha 12",future,1,admin,pabloromeroduarte@gmail.com,Pablo,Romero,1354,,,0,0,0,closed,closed,2026-03-26
1355,"Eyzaguirre &#8211; Casasempere vs Álvares Jara - Álvarez Velez",,,2026-07-10,sp_event,https://epleague.cl/event/1355/,,,,,,,,"Liga EPL>Liga 5ta",2026>Apertura,"Conecta Santa Blanca>Cancha 13",future,1,admin,pabloromeroduarte@gmail.com,Pablo,Romero,1355,,,0,0,0,closed,closed,2026-03-26
1356,"Freyre &#8211; Brosky vs Martiz - Kattan",,,2026-07-24,sp_event,https://epleague.cl/event/1356/,,,,,,,,"Liga EPL>Liga 5ta",2026>Apertura,"Conecta Santa Blanca>Cancha 5",future,1,admin,pabloromeroduarte@gmail.com,Pablo,Romero,1356,,,0,0,0,closed,closed,2026-03-26
1357,"Hurtado Sotomayor &#8211; Martínez Cuadro vs Sica - Pizarro",,,2026-07-24,sp_event,https://epleague.cl/event/1357/,,,,,,,,"Liga EPL>Liga 5ta",2026>Apertura,"Conecta Santa Blanca>Cancha 6",future,1,admin,pabloromeroduarte@gmail.com,Pablo,Romero,1357,,,0,0,0,closed,closed,2026-03-26
1358,"Sfeir &#8211; Amigo vs Ponce - Unda",,,2026-07-24,sp_event,https://epleague.cl/event/1358/,,,,,,,,"Liga EPL>Liga 5ta",2026>Apertura,"Conecta Santa Blanca>Cancha 7",future,1,admin,pabloromeroduarte@gmail.com,Pablo,Romero,1358,,,0,0,0,closed,closed,2026-03-26
1359,"Vargas &#8211; Diaz vs Romero - Merino",,,2026-07-24,sp_event,https://epleague.cl/event/1359/,,,,,,,,"Liga EPL>Liga 5ta",2026>Apertura,"Conecta Santa Blanca>Cancha 8",future,1,admin,pabloromeroduarte@gmail.com,Pablo,Romero,1359,,,0,0,0,closed,closed,2026-03-26
1360,"Vidal &#8211; Benítez vs Montaner Reyes - Montaner Covarrubias",,,2026-07-24,sp_event,https://epleague.cl/event/1360/,,,,,,,,"Liga EPL>Liga 5ta",2026>Apertura,"Conecta Santa Blanca>Cancha 9",future,1,admin,pabloromeroduarte@gmail.com,Pablo,Romero,1360,,,0,0,0,closed,closed,2026-03-26
1361,"Vera &#8211; Viel vs Amaro Castro - Arance Ibieta",,,2026-07-24,sp_event,https://epleague.cl/event/1361/,,,,,,,,"Liga EPL>Liga 5ta",2026>Apertura,"Conecta Santa Blanca>Cancha 10",future,1,admin,pabloromeroduarte@gmail.com,Pablo,Romero,1361,,,0,0,0,closed,closed,2026-03-26
1362,"Valenzuela Niedbalski &#8211; Garcia vs Vogel - Silva",,,2026-07-24,sp_event,https://epleague.cl/event/1362/,,,,,,,,"Liga EPL>Liga 5ta",2026>Apertura,"Conecta Santa Blanca>Cancha 11",future,1,admin,pabloromeroduarte@gmail.com,Pablo,Romero,1362,,,0,0,0,closed,closed,2026-03-26
1363,"Romero Duarte &#8211; Valenzuela vs Álvares Jara - Álvarez Velez",,,2026-07-24,sp_event,https://epleague.cl/event/1363/,,,,,,,,"Liga EPL>Liga 5ta",2026>Apertura,"Conecta Santa Blanca>Cancha 12",future,1,admin,pabloromeroduarte@gmail.com,Pablo,Romero,1363,,,0,0,0,closed,closed,2026-03-26
1364,"Giusti &#8211; Rivera vs Eyzaguirre - Casasempere",,,2026-07-24,sp_event,https://epleague.cl/event/1364/,,,,,,,,"Liga EPL>Liga 5ta",2026>Apertura,"Conecta Santa Blanca>Cancha 13",future,1,admin,pabloromeroduarte@gmail.com,Pablo,Romero,1364,,,0,0,0,closed,closed,2026-03-26
1365,"Botero Piedrahita &#8211; Verástegui vs Sica - Pizarro",,,2026-07-31,sp_event,https://epleague.cl/event/1365/,,,,,,,,"Liga EPL>Liga 5ta",2026>Apertura,"Conecta Santa Blanca>Cancha 5",future,1,admin,pabloromeroduarte@gmail.com,Pablo,Romero,1365,,,0,0,0,closed,closed,2026-03-26
1366,"Freyre &#8211; Brosky vs Ponce - Unda",,,2026-07-31,sp_event,https://epleague.cl/event/1366/,,,,,,,,"Liga EPL>Liga 5ta",2026>Apertura,"Conecta Santa Blanca>Cancha 6",future,1,admin,pabloromeroduarte@gmail.com,Pablo,Romero,1366,,,0,0,0,closed,closed,2026-03-26
1367,"Hurtado Sotomayor &#8211; Martínez Cuadro vs Romero - Merino",,,2026-07-31,sp_event,https://epleague.cl/event/1367/,,,,,,,,"Liga EPL>Liga 5ta",2026>Apertura,"Conecta Santa Blanca>Cancha 7",future,1,admin,pabloromeroduarte@gmail.com,Pablo,Romero,1367,,,0,0,0,closed,closed,2026-03-26
1368,"Sfeir &#8211; Amigo vs Montaner Reyes - Montaner Covarrubias",,,2026-07-31,sp_event,https://epleague.cl/event/1368/,,,,,,,,"Liga EPL>Liga 5ta",2026>Apertura,"Conecta Santa Blanca>Cancha 8",future,1,admin,pabloromeroduarte@gmail.com,Pablo,Romero,1368,,,0,0,0,closed,closed,2026-03-26
1369,"Vargas &#8211; Diaz vs Amaro Castro - Arance Ibieta",,,2026-07-31,sp_event,https://epleague.cl/event/1369/,,,,,,,,"Liga EPL>Liga 5ta",2026>Apertura,"Conecta Santa Blanca>Cancha 9",future,1,admin,pabloromeroduarte@gmail.com,Pablo,Romero,1369,,,0,0,0,closed,closed,2026-03-26
1370,"Vidal &#8211; Benítez vs Vogel - Silva",,,2026-07-31,sp_event,https://epleague.cl/event/1370/,,,,,,,,"Liga EPL>Liga 5ta",2026>Apertura,"Conecta Santa Blanca>Cancha 10",future,1,admin,pabloromeroduarte@gmail.com,Pablo,Romero,1370,,,0,0,0,closed,closed,2026-03-26
1371,"Vera &#8211; Viel vs Álvares Jara - Álvarez Velez",,,2026-07-31,sp_event,https://epleague.cl/event/1371/,,,,,,,,"Liga EPL>Liga 5ta",2026>Apertura,"Conecta Santa Blanca>Cancha 11",future,1,admin,pabloromeroduarte@gmail.com,Pablo,Romero,1371,,,0,0,0,closed,closed,2026-03-26
1372,"Valenzuela Niedbalski &#8211; Garcia vs Eyzaguirre - Casasempere",,,2026-07-31,sp_event,https://epleague.cl/event/1372/,,,,,,,,"Liga EPL>Liga 5ta",2026>Apertura,"Conecta Santa Blanca>Cancha 12",future,1,admin,pabloromeroduarte@gmail.com,Pablo,Romero,1372,,,0,0,0,closed,closed,2026-03-26
1373,"Romero Duarte &#8211; Valenzuela vs Giusti - Rivera",,,2026-07-31,sp_event,https://epleague.cl/event/1373/,,,,,,,,"Liga EPL>Liga 5ta",2026>Apertura,"Conecta Santa Blanca>Cancha 13",future,1,admin,pabloromeroduarte@gmail.com,Pablo,Romero,1373,,,0,0,0,closed,closed,2026-03-26
1374,"Martiz &#8211; Kattan vs Ponce - Unda",,,2026-08-07,sp_event,https://epleague.cl/event/1374/,,,,,,,,"Liga EPL>Liga 5ta",2026>Apertura,"Conecta Santa Blanca>Cancha 5",future,1,admin,pabloromeroduarte@gmail.com,Pablo,Romero,1374,,,0,0,0,closed,closed,2026-03-26
1375,"Botero Piedrahita &#8211; Verástegui vs Romero - Merino",,,2026-08-07,sp_event,https://epleague.cl/event/1375/,,,,,,,,"Liga EPL>Liga 5ta",2026>Apertura,"Conecta Santa Blanca>Cancha 6",future,1,admin,pabloromeroduarte@gmail.com,Pablo,Romero,1375,,,0,0,0,closed,closed,2026-03-26
1376,"Freyre &#8211; Brosky vs Montaner Reyes - Montaner Covarrubias",,,2026-08-07,sp_event,https://epleague.cl/event/1376/,,,,,,,,"Liga EPL>Liga 5ta",2026>Apertura,"Conecta Santa Blanca>Cancha 7",future,1,admin,pabloromeroduarte@gmail.com,Pablo,Romero,1376,,,0,0,0,closed,closed,2026-03-26
1377,"Hurtado Sotomayor &#8211; Martínez Cuadro vs Amaro Castro - Arance Ibieta",,,2026-08-07,sp_event,https://epleague.cl/event/1377/,,,,,,,,"Liga EPL>Liga 5ta",2026>Apertura,"Conecta Santa Blanca>Cancha 8",future,1,admin,pabloromeroduarte@gmail.com,Pablo,Romero,1377,,,0,0,0,closed,closed,2026-03-26
1378,"Sfeir &#8211; Amigo vs Vogel - Silva",,,2026-08-07,sp_event,https://epleague.cl/event/1378/,,,,,,,,"Liga EPL>Liga 5ta",2026>Apertura,"Conecta Santa Blanca>Cancha 9",future,1,admin,pabloromeroduarte@gmail.com,Pablo,Romero,1378,,,0,0,0,closed,closed,2026-03-26
1379,"Vargas &#8211; Diaz vs Álvares Jara - Álvarez Velez",,,2026-08-07,sp_event,https://epleague.cl/event/1379/,,,,,,,,"Liga EPL>Liga 5ta",2026>Apertura,"Conecta Santa Blanca>Cancha 10",future,1,admin,pabloromeroduarte@gmail.com,Pablo,Romero,1379,,,0,0,0,closed,closed,2026-03-26
1380,"Vidal &#8211; Benítez vs Eyzaguirre - Casasempere",,,2026-08-07,sp_event,https://epleague.cl/event/1380/,,,,,,,,"Liga EPL>Liga 5ta",2026>Apertura,"Conecta Santa Blanca>Cancha 11",future,1,admin,pabloromeroduarte@gmail.com,Pablo,Romero,1380,,,0,0,0,closed,closed,2026-03-26
1381,"Vera &#8211; Viel vs Giusti - Rivera",,,2026-08-07,sp_event,https://epleague.cl/event/1381/,,,,,,,,"Liga EPL>Liga 5ta",2026>Apertura,"Conecta Santa Blanca>Cancha 12",future,1,admin,pabloromeroduarte@gmail.com,Pablo,Romero,1381,,,0,0,0,closed,closed,2026-03-26
1382,"Valenzuela Niedbalski &#8211; Garcia vs Romero Duarte - Valenzuela",,,2026-08-07,sp_event,https://epleague.cl/event/1382/,,,,,,,,"Liga EPL>Liga 5ta",2026>Apertura,"Conecta Santa Blanca>Cancha 13",future,1,admin,pabloromeroduarte@gmail.com,Pablo,Romero,1382,,,0,0,0,closed,closed,2026-03-26
1383,"Sica &#8211; Pizarro vs Romero - Merino",,,2026-08-14,sp_event,https://epleague.cl/event/1383/,,,,,,,,"Liga EPL>Liga 5ta",2026>Apertura,"Conecta Santa Blanca>Cancha 5",future,1,admin,pabloromeroduarte@gmail.com,Pablo,Romero,1383,,,0,0,0,closed,closed,2026-03-26
1384,"Martiz &#8211; Kattan vs Montaner Reyes - Montaner Covarrubias",,,2026-08-14,sp_event,https://epleague.cl/event/1384/,,,,,,,,"Liga EPL>Liga 5ta",2026>Apertura,"Conecta Santa Blanca>Cancha 6",future,1,admin,pabloromeroduarte@gmail.com,Pablo,Romero,1384,,,0,0,0,closed,closed,2026-03-26
1385,"Botero Piedrahita &#8211; Verástegui vs Amaro Castro - Arance Ibieta",,,2026-08-14,sp_event,https://epleague.cl/event/1385/,,,,,,,,"Liga EPL>Liga 5ta",2026>Apertura,"Conecta Santa Blanca>Cancha 7",future,1,admin,pabloromeroduarte@gmail.com,Pablo,Romero,1385,,,0,0,0,closed,closed,2026-03-26
1386,"Freyre &#8211; Brosky vs Vogel - Silva",,,2026-08-14,sp_event,https://epleague.cl/event/1386/,,,,,,,,"Liga EPL>Liga 5ta",2026>Apertura,"Conecta Santa Blanca>Cancha 8",future,1,admin,pabloromeroduarte@gmail.com,Pablo,Romero,1386,,,0,0,0,closed,closed,2026-03-26
1387,"Hurtado Sotomayor &#8211; Martínez Cuadro vs Álvares Jara - Álvarez Velez",,,2026-08-14,sp_event,https://epleague.cl/event/1387/,,,,,,,,"Liga EPL>Liga 5ta",2026>Apertura,"Conecta Santa Blanca>Cancha 9",future,1,admin,pabloromeroduarte@gmail.com,Pablo,Romero,1387,,,0,0,0,closed,closed,2026-03-26
1388,"Sfeir &#8211; Amigo vs Eyzaguirre - Casasempere",,,2026-08-14,sp_event,https://epleague.cl/event/1388/,,,,,,,,"Liga EPL>Liga 5ta",2026>Apertura,"Conecta Santa Blanca>Cancha 10",future,1,admin,pabloromeroduarte@gmail.com,Pablo,Romero,1388,,,0,0,0,closed,closed,2026-03-26
1389,"Vargas &#8211; Diaz vs Giusti - Rivera",,,2026-08-14,sp_event,https://epleague.cl/event/1389/,,,,,,,,"Liga EPL>Liga 5ta",2026>Apertura,"Conecta Santa Blanca>Cancha 11",future,1,admin,pabloromeroduarte@gmail.com,Pablo,Romero,1389,,,0,0,0,closed,closed,2026-03-26
1390,"Vidal &#8211; Benítez vs Romero Duarte - Valenzuela",,,2026-08-14,sp_event,https://epleague.cl/event/1390/,,,,,,,,"Liga EPL>Liga 5ta",2026>Apertura,"Conecta Santa Blanca>Cancha 12",future,1,admin,pabloromeroduarte@gmail.com,Pablo,Romero,1390,,,0,0,0,closed,closed,2026-03-26
1391,"Vera &#8211; Viel vs Valenzuela Niedbalski - Garcia",,,2026-08-14,sp_event,https://epleague.cl/event/1391/,,,,,,,,"Liga EPL>Liga 5ta",2026>Apertura,"Conecta Santa Blanca>Cancha 13",future,1,admin,pabloromeroduarte@gmail.com,Pablo,Romero,1391,,,0,0,0,closed,closed,2026-03-26
1504,"Romero Merino - Concha Vial",,,2026-03-27,sp_event,https://epleague.cl/event/romero-merino-concha-vial/,,,,,,,,"Liga EPL>Liga 5ta",2026>Apertura,,publish,1,admin,pabloromeroduarte@gmail.com,Pablo,Romero,romero-merino-concha-vial,,,0,0,0,closed,closed,2026-03-27
1546,"Amaro Castro – Arance Ibieta vs Concha - Vial",,,2026-04-10,sp_event,https://epleague.cl/event/1546/,,,,,,,,"Liga EPL>Liga 5ta",2026>Apertura,"Conecta Santa Blanca>Cancha 14",future,1,admin,pabloromeroduarte@gmail.com,Pablo,Romero,1546,,,0,0,0,closed,closed,2026-03-30
1549,"Vogel – Silva vs Concha - Vial",,,2026-04-17,sp_event,https://epleague.cl/event/1549/,,,,,,,,"Liga EPL>Liga 5ta",2026>Apertura,"Conecta Santa Blanca>Cancha 14",future,1,admin,pabloromeroduarte@gmail.com,Pablo,Romero,1549,,,0,0,0,closed,closed,2026-03-30
1551,"Álvares Jara – Álvarez Velez vs Concha - Vial",,,2026-04-24,sp_event,https://epleague.cl/event/1551/,,,,,,,,"Liga EPL>Liga 5ta",2026>Apertura,"Conecta Santa Blanca>Cancha 14",future,1,admin,pabloromeroduarte@gmail.com,Pablo,Romero,1551,,,0,0,0,closed,closed,2026-03-30
1553,"Eyzaguirre – Casasempere vs Concha - Vial",,,2026-04-30,sp_event,https://epleague.cl/event/1553/,,,,,,,,"Liga EPL>Liga 5ta",2026>Apertura,"Conecta Santa Blanca>Cancha 14",future,1,admin,pabloromeroduarte@gmail.com,Pablo,Romero,1553,,,0,0,0,closed,closed,2026-03-30
1555,"Giusti – Rivera vs Concha - Vial",,,2026-05-08,sp_event,https://epleague.cl/event/1555/,,,,,,,,"Liga EPL>Liga 5ta",2026>Apertura,"Conecta Santa Blanca>Cancha 14",future,1,admin,pabloromeroduarte@gmail.com,Pablo,Romero,1555,,,0,0,0,closed,closed,2026-03-30
1557,"Montaner Reyes – Montaner Covarrubias vs Concha - Vial",,,2026-04-02,sp_event,https://epleague.cl/event/1557/,,,,,,,,"Liga EPL>Liga 5ta",2026>Apertura,"Conecta Santa Blanca>Cancha 14",future,1,admin,pabloromeroduarte@gmail.com,Pablo,Romero,1557,,,0,0,0,closed,closed,2026-03-30
1559,"Romero Duarte – Valenzuela vs Concha - Vial",,,2026-05-15,sp_event,https://epleague.cl/event/1559/,,,,,,,,"Liga EPL>Liga 5ta",2026>Apertura,"Conecta Santa Blanca>Cancha 14",future,1,admin,pabloromeroduarte@gmail.com,Pablo,Romero,1559,,,0,0,0,closed,closed,2026-03-30
1561,"Valenzuela Niedbalski – Garcia vs Concha - Vial",,,2026-05-29,sp_event,https://epleague.cl/event/1561/,,,,,,,,"Liga EPL>Liga 5ta",2026>Apertura,"Conecta Santa Blanca>Cancha 14",future,1,admin,pabloromeroduarte@gmail.com,Pablo,Romero,1561,,,0,0,0,closed,closed,2026-03-27
1563,"Vera – Viel vs Concha - Vial",,,2026-06-05,sp_event,https://epleague.cl/event/1563/,,,,,,,,"Liga EPL>Liga 5ta",2026>Apertura,"Conecta Santa Blanca>Cancha 14",future,1,admin,pabloromeroduarte@gmail.com,Pablo,Romero,1563,,,0,0,0,closed,closed,2026-03-30
1565,"Vidal – Benítez vs Concha - Vial",,,2026-06-12,sp_event,https://epleague.cl/event/1565/,,,,,,,,"Liga EPL>Liga 5ta",2026>Apertura,"Conecta Santa Blanca>Cancha 14",future,1,admin,pabloromeroduarte@gmail.com,Pablo,Romero,1565,,,0,0,0,closed,closed,2026-03-27
1567,"Vargas – Diaz vs Concha - Vial",,,2026-06-19,sp_event,https://epleague.cl/event/1567/,,,,,,,,"Liga EPL>Liga 5ta",2026>Apertura,"Conecta Santa Blanca>Cancha 14",future,1,admin,pabloromeroduarte@gmail.com,Pablo,Romero,1567,,,0,0,0,closed,closed,2026-03-27
1569,"Sfeir – Amigo vs Concha - Vial",,,2026-06-26,sp_event,https://epleague.cl/event/1569/,,,,,,,,"Liga EPL>Liga 5ta",2026>Apertura,"Conecta Santa Blanca>Cancha 14",future,1,admin,pabloromeroduarte@gmail.com,Pablo,Romero,1569,,,0,0,0,closed,closed,2026-03-27
1571,"Ponce – Unda vs Concha -Vial",,,2026-07-03,sp_event,https://epleague.cl/event/1571/,,,,,,,,"Liga EPL>Liga 5ta",2026>Apertura,"Conecta Santa Blanca>Cancha 14",future,1,admin,pabloromeroduarte@gmail.com,Pablo,Romero,1571,,,0,0,0,closed,closed,2026-03-27
1573,"Hurtado Sotomayor – Martínez Cuadro vs Concha -Vial",,,2026-07-10,sp_event,https://epleague.cl/event/1573/,,,,,,,,"Liga EPL>Liga 5ta",2026>Apertura,"Conecta Santa Blanca>Cancha 14",future,1,admin,pabloromeroduarte@gmail.com,Pablo,Romero,1573,,,0,0,0,closed,closed,2026-03-27
1575,"Freyre – Brosky vs Concha -Vial",,,2026-07-24,sp_event,https://epleague.cl/event/1575/,,,,,,,,"Liga EPL>Liga 5ta",2026>Apertura,"Conecta Santa Blanca>Cancha 14",future,1,admin,pabloromeroduarte@gmail.com,Pablo,Romero,1575,,,0,0,0,closed,closed,2026-03-27
1577,"Botero Piedrahita – Verástegui vs Concha -Vial",,,2026-07-31,sp_event,https://epleague.cl/event/1577/,,,,,,,,"Liga EPL>Liga 5ta",2026>Apertura,"Conecta Santa Blanca>Cancha 14",future,1,admin,pabloromeroduarte@gmail.com,Pablo,Romero,1577,,,0,0,0,closed,closed,2026-03-27
1579,"Martiz – Kattan vs Concha -Vial",,,2026-08-07,sp_event,https://epleague.cl/event/1579/,,,,,,,,"Liga EPL>Liga 5ta",2026>Apertura,"Conecta Santa Blanca>Cancha 14",future,1,admin,pabloromeroduarte@gmail.com,Pablo,Romero,1579,,,0,0,0,closed,closed,2026-03-27
1581,"Sica – Pizarro vs Concha -Vial",,,2026-08-14,sp_event,https://epleague.cl/event/1581/,,,,,,,,"Liga EPL>Liga 5ta",2026>Apertura,"Conecta Santa Blanca>Cancha 14",future,1,admin,pabloromeroduarte@gmail.com,Pablo,Romero,1581,,,0,0,0,closed,closed,2026-03-27
